clip_id,segment_id,frame_from,frame_to,sentiment_idx,basic_idx,fine_idx
001,0,1,27,1,0,6
001,1,28,85,1,0,4
001,2,86,197,1,0,6
001,3,198,301,1,2,2
001,4,302,514,1,4,0
001,5,515,608,1,2,2
001,6,609,765,1,0,4
001,7,764,824,1,1,7
002,0,1,51,1,2,11
002,1,52,268,0,3,15
002,2,269,334,1,2,3
002,3,335,464,0,3,15
002,4,465,589,0,5,8
002,5,590,773,0,3,9
002,6,774,849,0,3,9
002,7,850,929,0,3,12
003,0,1,63,1,1,5
003,1,64,103,1,2,11
003,2,104,186,1,1,5
003,3,187,301,1,2,11
003,4,302,404,1,0,4
003,5,405,460,1,2,11
003,6,461,513,1,0,4
003,7,514,537,1,2,2
003,8,538,638,1,0,6
003,9,639,674,1,2,11
003,10,675,798,1,0,6
003,11,799,839,1,2,2
003,12,840,912,1,1,5
006,0,1,96,2,6,16
006,1,97,227,1,4,0
006,2,228,300,2,6,16
006,3,301,335,1,4,0
006,4,336,480,2,6,16
006,5,481,586,1,4,0
006,6,585,658,1,1,5
006,7,659,890,0,3,15
006,8,891,1185,1,4,1
006,9,1186,1314,0,5,8
006,10,1315,1719,1,1,5
006,11,1720,1795,2,6,16
006,12,1796,1991,1,4,0
006,13,1992,2073,1,2,11
006,14,2074,2324,1,4,0
006,15,2325,2387,1,4,0
007,0,1,329,1,0,4
007,1,330,861,1,2,3
007,2,862,1223,1,0,6
007,3,1224,1366,1,0,4
007,4,1367,1529,1,0,6
008,0,1,52,1,2,11
008,1,53,80,1,2,3
008,2,81,118,1,0,4
008,3,119,131,1,2,3
008,4,132,174,1,0,4
008,5,175,251,1,0,4
008,6,252,324,1,0,4
008,7,325,346,1,0,4
008,8,347,439,1,1,5
008,9,440,572,1,1,5
008,10,573,610,1,4,0
008,11,611,638,1,0,4
008,12,639,854,1,2,11
008,13,855,903,1,4,0
008,14,904,1068,1,2,11
008,15,1069,1118,1,4,0
008,16,1119,1334,1,0,4
008,17,1335,1417,1,0,6
008,18,1418,1536,1,0,6
009,0,1,79,2,6,16
009,1,80,379,1,0,4
009,2,380,486,1,0,4
009,3,487,596,2,6,16
009,4,597,841,1,4,0
009,5,842,942,1,2,3
009,6,943,994,1,1,5
009,7,995,1081,1,0,4
009,8,1082,1236,1,0,4
009,9,1237,1354,1,0,4
009,10,1355,1413,1,4,0
009,11,1414,1541,1,0,4
009,12,1542,1730,1,4,0
009,13,1731,1859,1,0,6
009,14,1860,1938,1,4,0
009,15,1939,2006,1,0,6
009,16,2007,2104,1,4,0
009,17,2105,2226,1,0,6
009,18,2227,2274,1,4,0
009,19,2275,2422,1,1,5
009,20,2423,2731,1,4,0
010,0,1,116,1,2,11
010,1,117,178,1,4,0
010,2,179,271,1,4,1
010,3,272,283,1,0,6
010,4,284,346,1,1,5
010,5,347,466,1,1,5
010,6,467,590,1,1,5
010,7,591,686,1,0,6
010,8,687,810,1,4,1
010,9,811,845,1,0,6
010,10,846,887,1,2,2
010,11,888,941,1,4,0
010,12,942,998,1,2,2
010,13,999,1096,1,0,4
010,14,1097,1191,1,2,11
010,15,1192,1283,1,0,4
010,16,1284,1481,1,2,2
010,17,1482,1589,1,0,4
010,18,1590,1815,1,4,1
011,0,1,945,0,3,12
011,1,946,1119,0,3,12
011,2,1120,1212,0,3,9
011,3,1213,1320,0,3,14
011,4,1321,1423,0,3,14
013,0,1,321,1,0,4
013,1,322,434,1,2,11
013,2,435,672,1,0,4
013,3,673,793,1,4,0
013,4,794,969,2,6,16
013,5,970,1074,1,2,11
013,6,1075,1267,1,0,4
013,7,1268,1394,1,4,0
013,8,1395,1934,1,0,4
022,0,1,73,1,0,4
022,1,74,304,1,1,5
022,2,305,357,1,0,4
022,3,358,455,1,4,0
022,4,456,564,0,3,13
022,5,565,660,0,3,12
022,6,661,696,1,1,5
022,7,697,712,1,4,0
024,0,1,31,2,6,16
024,1,32,167,2,6,16
024,2,168,871,1,4,0
024,3,872,978,0,5,10
024,4,979,1112,1,4,0
024,5,1113,1290,0,3,15
024,6,1291,1672,1,4,0
024,7,1673,1829,2,6,16
024,8,1830,1920,1,4,0
026,0,1,1359,1,4,0
026,1,1360,1432,2,6,16
026,2,1433,1602,1,4,0
026,3,1603,1835,2,6,16
027,0,1,80,1,0,4
027,1,81,161,1,0,6
027,2,162,555,1,0,4
027,3,555,640,1,0,4
027,4,641,860,1,0,4
027,5,861,977,1,0,4
027,6,978,1451,1,0,4
027,7,1452,1545,2,6,16
027,8,1546,2008,1,0,6
027,9,2009,2098,1,0,6
027,10,2099,2155,1,0,6
027,11,2156,2187,1,2,3
028,0,1,247,2,6,16
028,1,248,546,2,6,16
028,2,547,832,1,2,2
028,3,833,970,0,3,15
028,4,971,1032,1,2,2
028,5,1033,1096,1,2,2
028,6,1097,1161,1,4,0
028,7,1162,1379,1,2,2
028,8,1380,1477,1,4,0
028,9,1478,1671,1,2,2
028,10,1672,1799,1,4,0
028,11,1800,1914,1,2,2
028,12,1915,2091,1,2,2
028,13,2092,2280,1,2,11
029,0,1,93,0,3,13
029,1,94,157,0,3,15
029,2,158,320,0,3,13
029,3,321,428,0,3,15
029,4,429,566,2,6,16
029,5,567,648,0,3,13
029,6,649,675,0,3,13
030,0,1,81,2,6,16
030,1,82,268,1,4,0
030,2,269,315,1,2,11
030,3,316,371,1,4,0
030,4,372,425,1,2,11
030,5,426,673,0,5,10
030,6,674,758,1,4,0
030,7,759,1008,1,4,0
030,8,1009,1114,1,4,0
030,9,1115,1556,1,4,0
030,10,1557,2129,1,4,0
030,11,2130,2596,1,4,0
030,12,2597,2640,1,4,0
031,0,1,203,0,3,13
031,1,204,303,2,6,16
031,2,304,912,0,3,13
031,3,913,1031,0,3,13
031,4,1032,1417,0,3,13
031,5,1418,1480,0,3,9
031,6,1481,1529,0,3,15
031,7,1530,1605,0,3,15
031,8,1606,1668,0,3,12
031,9,1669,1711,0,3,13
032,0,1,1112,0,3,12
032,1,1113,1342,2,6,16
032,2,1343,1668,0,3,12
032,3,1669,2005,2,6,16
032,4,2006,2939,0,3,12
032,5,2940,3021,1,4,0
033,0,1,198,1,4,0
033,1,199,1516,2,6,16
033,2,1517,1866,1,1,5
033,3,1867,2572,2,6,16
033,4,2573,2783,1,1,5
033,5,2784,2902,2,6,16
033,6,2903,3018,1,0,4
033,7,3019,3181,1,2,11
034,0,1,68,0,3,15
034,1,69,162,0,3,15
034,2,163,374,0,3,9
034,3,375,512,0,5,10
034,4,513,599,0,3,9
034,5,600,693,2,6,16
034,6,694,890,0,3,12
034,7,891,1060,0,3,15
034,8,1061,1181,0,3,9
034,9,1182,1201,2,6,16
038,0,1,291,1,2,11
038,1,292,662,2,6,16
038,2,663,901,1,0,4
038,3,902,971,2,6,16
038,4,972,1128,1,0,4
038,5,1129,1175,2,6,16
038,6,1176,2089,1,0,4
038,7,2090,2144,2,6,16
040,0,1,66,0,3,15
040,1,67,115,0,3,15
040,2,116,159,0,3,15
040,3,160,200,0,3,13
040,4,201,300,0,3,13
040,5,301,353,0,3,15
040,6,354,394,0,5,8
040,7,395,449,0,5,8
040,8,450,546,0,5,8
040,9,547,616,0,3,15
040,10,617,653,0,4,1
040,11,654,756,0,3,13
040,12,757,981,0,4,1
040,13,982,1084,0,3,15
040,14,1085,1158,0,4,1
040,15,1159,1195,0,3,15
040,16,1196,1315,0,4,1
040,17,1316,1361,0,3,15
040,18,1362,1489,0,3,13
041,0,1,77,0,3,15
041,1,78,207,0,3,15
041,2,208,435,1,2,11
041,3,436,489,0,3,13
041,4,490,548,0,3,13
041,5,549,768,0,3,13
041,6,769,842,0,3,13
041,7,843,1161,0,3,13
042,0,1,659,1,4,0
042,1,660,762,0,3,15
042,2,763,1372,1,4,0
042,3,1373,1518,1,4,0
042,4,1519,2062,1,4,0
042,5,2063,2164,1,4,0
042,6,2165,2406,1,4,0
042,7,2407,2555,1,4,0
044,0,1,43,1,4,0
044,1,44,159,0,5,10
044,2,160,196,1,4,0
044,3,197,239,0,5,8
044,4,240,332,1,4,0
044,5,333,382,1,1,5
044,6,383,434,1,0,4
044,7,435,539,1,0,4
044,8,540,564,1,0,4
044,9,565,589,1,0,4
045,0,1,185,1,0,4
045,1,186,221,1,2,11
045,2,222,271,1,0,4
045,3,272,308,1,2,3
045,4,309,386,1,0,4
045,5,387,446,0,5,10
045,6,447,778,1,0,4
045,7,779,817,1,2,11
045,8,818,850,1,0,4
045,9,850,907,1,4,0
045,10,908,939,1,1,7
046,0,1,86,1,0,4
046,1,87,138,1,0,4
046,2,139,184,1,0,4
046,3,185,294,1,2,11
046,4,295,348,1,0,4
046,5,349,502,1,0,6
046,6,503,543,1,0,6
046,7,544,589,1,0,6
046,8,590,674,1,0,4
046,9,675,816,1,0,6
046,10,817,881,0,5,10
047,0,1,109,1,0,4
047,1,110,163,0,5,10
047,2,164,182,1,0,4
047,3,183,257,1,0,4
047,4,258,296,0,5,10
047,5,297,481,1,0,4
047,6,482,526,1,0,4
047,7,527,670,1,0,4
047,8,671,764,2,6,16
047,9,765,923,1,4,0
047,10,924,1041,1,2,11
048,0,1,78,2,6,16
048,1,79,117,1,1,5
048,2,118,215,2,6,16
048,3,216,241,2,6,16
048,4,242,287,2,6,16
048,5,288,375,0,3,15
048,6,376,470,0,5,8
048,7,471,664,1,1,7
048,8,665,719,0,3,15
048,9,720,758,2,6,16
048,10,759,810,0,5,10
048,11,811,855,2,6,16
048,12,856,918,0,5,10
048,13,919,958,2,6,16
049,0,1,126,1,1,5
049,1,127,187,0,3,15
049,2,188,221,1,1,5
049,3,222,302,0,3,15
049,4,303,362,1,1,5
049,5,363,397,0,3,15
049,6,398,434,1,4,0
049,7,435,696,0,3,15
049,8,697,767,2,6,16
049,9,768,950,0,5,10
049,10,951,1046,2,6,16
049,11,1047,1263,0,5,8
049,12,1264,1356,1,1,5
049,13,1357,1434,2,6,16
049,14,1435,1523,1,2,11
049,15,1524,1730,2,6,16
049,16,1731,1815,2,6,16
049,17,1816,2117,0,5,10
050,0,1,45,1,0,4
050,1,46,99,2,6,16
050,2,100,146,1,0,4
050,3,147,234,1,2,11
050,4,235,247,1,0,4
050,5,248,358,1,2,11
050,6,359,622,0,5,8
050,7,623,750,1,4,0
050,8,751,823,0,3,15
050,9,824,892,1,4,0
050,10,893,1272,0,3,15
050,11,1273,1434,1,4,0
050,12,1435,1490,0,3,15
050,13,1491,1546,1,4,0
050,14,1547,1662,0,3,15
050,15,1663,1945,1,4,0
050,16,1946,2012,0,3,15
051,0,1,57,1,1,5
051,1,58,129,1,2,11
051,2,130,217,1,1,5
051,3,218,298,1,2,11
051,4,299,760,1,1,5
051,5,761,819,1,2,11
051,6,820,861,1,0,4
051,7,862,989,1,1,5
051,8,990,1129,1,1,5
051,9,1130,1142,1,1,5
052,0,1,167,1,0,4
052,1,168,233,0,5,8
052,2,234,429,1,0,4
052,3,430,524,0,5,8
052,4,525,712,1,0,4
052,5,713,1022,1,4,0
052,6,1023,1115,0,3,15
052,7,1116,1193,1,4,0
052,8,1194,1242,0,3,12
052,9,1243,1358,0,3,12
053,0,1,25,0,5,10
053,1,26,390,1,0,4
053,2,391,443,0,5,8
053,3,444,1695,1,0,4
054,0,1,173,1,0,4
054,1,174,271,1,1,5
054,2,272,364,1,0,4
054,3,365,461,1,2,2
054,4,462,520,1,1,5
054,5,521,670,2,6,16
054,6,671,979,1,0,4
054,7,980,1097,2,6,16
054,8,1098,1417,1,0,4
054,9,1418,1513,2,6,16
054,10,1514,1608,1,0,4
054,11,1609,1664,1,2,11
054,12,1665,1888,1,0,4
054,13,1889,1982,1,1,5
054,14,1983,2133,1,0,4
055,0,1,126,1,1,5
055,1,127,192,1,2,2
055,2,193,217,1,0,4
055,3,218,248,1,2,2
055,4,249,293,1,0,4
055,5,294,375,1,2,2
055,6,376,417,1,0,6
055,7,418,452,1,2,11
055,8,453,511,1,0,6
055,9,512,623,1,2,3
055,10,624,679,1,0,4
055,11,680,714,1,2,2
055,12,715,740,1,1,5
055,13,741,781,1,2,2
055,14,782,804,1,1,5
055,15,805,867,1,1,5
055,16,868,941,1,0,6
055,17,942,1038,1,2,11
055,18,1039,1197,1,0,6
055,19,1198,1325,1,2,2
055,20,1326,1358,1,0,6
055,21,1359,1425,1,2,2
055,22,1426,1473,1,0,6
055,23,1474,1513,1,4,0
055,24,1514,1581,1,0,6
055,25,1582,1621,1,4,0
055,26,1622,1640,1,0,4
055,27,1641,1697,1,2,2
055,28,1698,1709,1,0,4
055,29,1710,1774,1,2,2
055,30,1775,1830,1,0,4
055,31,1831,1865,1,2,11
056,0,1,123,1,0,4
056,1,124,153,1,4,0
056,2,154,175,1,0,6
056,3,176,195,1,4,0
056,4,196,262,0,5,8
056,5,263,308,1,4,0
056,6,309,359,1,1,7
056,7,360,445,1,4,0
056,8,446,513,2,6,16
056,9,514,540,1,4,0
056,10,541,629,1,1,7
056,11,630,669,1,4,0
056,12,670,717,1,0,4
056,13,718,770,1,4,0
056,14,771,831,1,0,4
056,15,832,857,1,4,0
056,16,858,929,2,6,16
056,17,930,1405,1,4,0
056,18,1406,1506,1,0,6
056,19,1507,1558,1,4,0
057,0,1,34,0,3,13
057,1,35,150,1,0,4
057,2,151,195,1,4,0
057,3,196,400,1,0,4
057,4,401,494,1,4,0
058,0,1,53,1,4,0
058,1,54,262,1,4,0
058,2,263,316,1,4,0
058,3,317,512,1,4,0
058,4,513,616,1,4,0
058,5,617,764,1,4,0
058,6,765,854,1,4,0
058,7,855,1100,1,4,0
058,8,1101,1169,0,3,15
058,9,1170,1235,0,3,13
058,10,1236,1323,0,3,13
058,11,1324,1483,0,3,13
058,12,1484,1532,0,3,15
058,13,1533,1627,0,3,14
059,0,1,58,0,3,13
059,1,59,116,0,3,15
059,2,117,620,0,3,13
059,3,621,699,0,3,15
059,4,700,1186,0,3,13
059,5,1187,1240,0,3,13
059,6,1241,1370,0,3,13
059,7,1371,1486,0,3,15
060,0,1,95,0,5,8
060,1,96,148,1,2,11
060,2,149,196,1,2,11
060,3,197,335,0,3,13
060,4,336,371,1,2,11
060,5,372,491,0,5,8
060,6,492,567,2,6,16
060,7,568,593,1,2,11
060,8,594,637,1,0,4
060,9,638,688,2,6,16
060,10,689,769,1,0,4
060,11,770,856,0,3,13
060,12,857,1045,1,2,11
060,13,1046,1102,0,3,15
060,14,1103,1147,1,2,11
060,15,1148,1214,0,3,15
060,16,1215,1287,1,0,4
060,17,1288,1362,1,2,11
060,18,1363,1377,1,2,11
061,0,1,106,0,3,15
061,1,107,192,0,3,15
061,2,193,336,0,3,15
061,3,337,376,0,3,15
061,4,377,486,0,3,15
061,5,487,604,0,3,13
061,6,605,737,0,3,15
061,7,738,780,0,3,15
061,8,781,879,2,6,16
061,9,880,904,0,3,15
061,10,905,926,2,6,16
061,11,927,953,0,3,13
061,12,954,987,0,3,13
061,13,988,1045,0,3,13
061,14,1046,1145,0,3,13
061,15,1146,1233,0,5,8
061,16,1234,1321,0,3,15
061,17,1322,1326,0,3,15
063,0,1,105,0,3,15
063,1,106,135,1,0,6
063,2,136,325,1,0,4
063,3,326,371,1,0,6
063,4,372,476,0,5,10
063,5,477,509,1,0,6
063,6,510,943,0,3,15
063,7,944,1028,1,4,0
063,8,1029,1236,1,1,5
063,9,1237,1266,1,0,6
063,10,1267,1534,0,5,10
063,11,1535,1565,1,0,4
063,12,1566,1824,0,3,13
063,13,1825,1863,2,6,16
063,14,1864,1920,0,3,15
063,15,1921,2030,1,1,7
063,16,2031,2173,0,3,15
064,0,1,99,2,6,16
064,1,100,160,2,6,16
064,2,161,701,1,4,0
064,3,702,755,1,4,0
065,0,1,167,0,3,13
065,1,168,222,0,3,15
065,2,223,271,0,3,13
065,3,272,435,0,3,15
065,4,436,518,0,3,13
066,0,1,105,2,6,16
066,1,106,190,2,6,16
066,2,191,297,1,2,11
066,3,298,470,1,4,0
066,4,471,670,0,3,12
066,5,671,847,1,4,0
066,6,848,1133,1,4,0
066,7,1134,1306,1,4,0
067,0,1,164,1,2,2
067,1,165,534,0,3,12
067,2,535,567,1,4,0
067,3,568,780,0,3,15
067,4,781,850,1,2,2
067,5,851,966,0,3,15
067,6,967,1075,1,2,11
067,7,1076,1473,0,3,15
067,8,1474,1551,0,3,13
067,9,1552,1989,0,3,12
068,0,1,83,0,3,13
068,1,84,128,0,3,13
068,2,129,202,0,3,13
068,3,203,434,0,3,15
068,4,435,497,0,3,15
068,5,498,1135,0,3,13
068,6,1136,1175,0,3,13
069,0,1,36,0,3,13
069,1,37,77,0,3,15
069,2,78,208,0,3,15
069,3,209,414,0,3,15
069,4,415,453,0,3,15
069,5,454,503,0,3,13
069,6,504,529,0,3,15
070,0,1,49,2,6,16
070,1,50,110,1,2,11
070,2,111,331,0,3,15
070,3,332,426,0,5,10
070,4,427,509,0,3,15
070,5,510,614,0,5,10
070,6,615,771,1,4,0
070,7,772,885,1,4,0
070,8,886,1150,1,4,0
070,9,1151,1242,1,4,0
070,10,1243,1493,1,4,0
070,11,1494,1586,1,4,0
070,12,1587,1679,1,4,0
070,13,1680,1745,1,4,0
070,14,1746,1819,1,4,0
070,15,1820,1943,1,4,0
070,16,1944,2083,0,3,12
070,17,2084,2132,1,4,0
070,18,2133,2213,0,3,12
071,0,1,57,1,0,4
071,1,58,114,2,6,16
071,2,115,434,1,1,5
071,3,435,604,0,3,15
071,4,605,951,1,4,0
071,5,952,1066,0,3,15
071,6,1067,1148,1,4,0
071,7,1149,1280,0,3,12
071,8,1281,1399,1,4,0
071,9,1400,1471,0,3,12
073,0,1,264,0,3,15
073,1,265,505,2,6,16
073,2,506,586,2,6,16
073,3,587,684,1,4,0
073,4,685,774,2,6,16
073,5,775,891,0,3,13
073,6,892,1105,0,3,12
074,0,1,408,1,0,4
074,1,409,476,2,6,16
074,2,477,528,1,4,0
074,3,529,674,2,6,16
074,4,675,1054,1,4,0
074,5,1055,1552,2,6,16
074,6,1553,1672,1,4,0
074,7,1673,1819,2,6,16
075,0,1,215,0,3,13
075,1,216,243,0,3,15
075,2,244,416,0,3,13
075,3,417,536,0,5,10
075,4,537,574,0,3,13
075,5,575,641,0,3,15
075,6,642,904,0,3,15
075,7,905,1208,0,5,10
077,0,1,43,0,3,15
077,1,44,102,2,6,16
077,2,103,419,0,3,15
077,3,420,470,0,3,15
077,4,471,545,0,5,10
077,5,546,650,0,3,15
077,6,651,733,0,3,15
077,7,734,789,2,6,16
077,8,790,882,0,3,15
077,9,883,935,0,5,8
077,10,936,1044,1,4,1
077,11,1045,1145,0,5,10
077,12,1146,1203,0,5,10
079,0,1,274,1,4,0
079,1,275,306,0,3,15
079,2,307,494,1,4,0
079,3,495,627,0,3,15
079,4,628,709,1,4,0
079,5,710,822,0,3,15
079,6,823,892,1,4,0
079,7,893,970,0,3,15
079,8,971,1125,0,3,13
079,9,1126,1209,0,3,12
079,10,1210,1293,0,3,13
080,0,1,91,0,3,15
080,1,92,187,2,6,16
080,2,188,433,2,6,16
080,3,434,663,0,5,8
080,4,664,738,0,3,15
080,5,739,874,1,4,0
080,6,875,1005,0,3,15
080,7,1006,1075,0,3,13
081,0,1,75,1,2,11
081,1,76,219,0,3,15
081,2,220,264,1,2,11
081,3,265,331,0,3,15
081,4,332,371,1,2,11
081,5,372,427,0,3,15
081,6,428,480,0,5,8
081,7,481,514,0,3,15
081,8,515,575,0,3,13
081,9,576,622,0,3,15
081,10,623,660,0,3,13
081,11,661,760,0,3,13
082,0,1,100,1,2,11
082,1,101,160,1,2,11
082,2,161,213,1,2,11
082,3,214,290,1,2,11
082,4,291,299,1,0,6
082,5,300,415,1,2,11
082,6,416,470,1,1,5
082,7,471,530,1,2,11
082,8,531,690,1,1,5
082,9,691,723,1,2,11
082,10,724,960,1,4,0
083,0,1,37,1,0,4
083,1,38,66,2,6,16
083,2,67,110,2,6,16
083,3,111,258,2,6,16
083,4,259,408,2,6,16
083,5,409,513,2,6,16
083,6,514,610,1,4,0
083,7,611,733,2,6,16
083,8,734,767,1,4,0
085,0,1,97,1,2,11
085,1,98,197,0,3,12
085,2,198,383,1,4,0
085,3,384,471,0,3,12
085,4,472,530,1,4,0
086,0,1,127,1,2,2
086,1,128,194,1,2,2
086,2,195,289,1,2,3
086,3,290,490,1,2,2
086,4,491,593,1,2,2
088,0,1,44,1,2,11
088,1,45,135,0,3,15
088,2,136,250,1,2,11
088,3,251,291,0,5,8
088,4,292,427,1,2,11
088,5,428,469,0,3,15
088,6,470,557,0,5,11
088,7,558,609,0,5,8
088,8,610,838,1,4,0
088,9,839,1057,1,4,0
088,10,1058,1214,1,4,0
088,11,1215,1254,1,4,0
088,12,1255,1277,1,4,0
088,13,1278,1348,0,3,15
088,14,1349,1429,1,2,11
088,15,1430,1533,2,6,16
088,16,1534,1676,1,4,0
088,17,1677,1841,0,3,15
088,18,1842,1929,1,4,0
089,0,1,62,1,4,0
089,1,63,108,0,3,15
089,2,109,330,1,4,0
089,3,331,393,0,5,8
089,4,394,716,1,4,0
089,5,717,749,1,4,0
089,6,750,803,1,2,11
089,7,804,954,0,3,15
089,8,955,1014,1,2,11
089,9,1015,1089,0,3,15
089,10,1090,1329,1,4,0
089,11,1330,1373,1,4,0
089,12,1374,1451,1,4,0
089,13,1452,1620,1,4,0
089,14,1621,1726,1,4,0
089,15,1727,1808,1,4,0
092,0,1,89,1,2,11
092,1,90,136,1,2,11
092,2,137,155,1,0,4
092,3,156,200,1,4,0
092,4,201,304,1,0,4
092,5,305,438,0,3,15
092,6,439,547,1,0,4
092,7,548,585,1,4,0
092,8,586,625,1,2,2
092,9,626,773,2,6,16
092,10,774,826,1,2,11
092,11,827,857,1,4,0
092,12,858,911,1,2,2
092,13,912,1219,1,4,0
092,14,1220,1249,1,2,2
092,15,1250,1309,2,6,16
092,16,1310,1344,1,4,0
092,17,1345,1401,1,4,0
093,0,1,269,1,1,7
093,1,270,348,2,6,16
093,2,349,391,1,0,4
093,3,392,472,0,3,15
093,4,473,580,1,0,6
093,5,581,715,1,2,3
093,6,716,849,1,0,4
093,7,850,933,1,2,11
093,8,934,1015,1,1,5
093,9,1016,1089,1,0,4
093,10,1090,1337,1,1,5
093,11,1338,1424,1,4,0
093,12,1425,1704,1,4,0
093,13,1705,1910,1,4,0
093,14,1911,1964,1,4,0
093,15,1965,2112,1,2,11
093,16,2113,2121,1,2,3
093,17,2122,2160,1,4,0
093,18,2161,2208,1,4,0
093,19,2209,2382,1,4,0
094,0,1,155,0,3,15
094,1,156,229,1,4,0
094,2,230,265,0,3,15
094,3,266,445,0,5,8
094,4,446,650,0,3,15
094,5,651,743,1,2,11
094,6,744,888,0,3,15
094,7,889,1040,0,3,15
094,8,1041,1134,0,3,12
094,9,1135,1169,0,3,13
094,10,1170,1254,0,3,12
094,11,1255,1308,0,5,8
094,12,1309,1344,0,3,13
094,13,1345,1388,0,3,12
094,14,1389,1447,0,3,9
095,0,1,163,0,3,15
095,1,164,422,0,3,15
095,2,423,540,0,3,15
095,3,541,605,0,3,13
095,4,606,737,0,3,12
095,5,738,788,0,3,13
095,6,789,933,0,3,12
095,7,934,1007,0,3,13
095,8,1008,1238,0,3,12
095,9,1239,1342,0,3,12
095,10,1343,1422,0,3,12
096,0,1,112,1,2,11
096,1,113,146,1,1,5
096,2,147,218,1,2,11
096,3,219,283,1,1,5
096,4,284,325,1,0,4
096,5,326,441,1,1,5
096,6,442,491,1,0,4
096,7,492,559,1,1,5
096,8,560,599,1,0,4
096,9,600,626,1,1,5
096,10,627,855,1,0,4
096,11,856,894,1,1,5
096,12,895,974,1,0,4
096,13,975,1020,1,0,4
096,14,1021,1247,1,0,4
096,15,1248,1382,1,0,4
097,0,1,111,1,4,0
097,1,112,308,1,4,0
097,2,309,379,0,5,8
097,3,380,1153,1,4,0
097,4,1154,1245,0,3,13
097,5,1246,1434,1,4,0
097,6,1435,1509,0,3,15
097,7,1510,2073,1,4,0
097,8,2074,2160,0,3,15
097,9,2161,2646,1,4,0
097,10,2647,2713,0,3,15
097,11,2714,2830,1,4,0
099,0,1,124,1,4,0
099,1,125,203,0,5,10
099,2,204,236,1,4,0
099,3,237,333,1,2,11
099,4,334,479,2,6,16
099,5,480,652,2,6,16
099,6,653,843,2,6,16
099,7,844,972,1,4,0
099,8,973,1029,1,4,0
099,9,1030,1084,2,6,16
099,10,1085,1147,2,6,16
099,11,1148,1272,1,4,0
100,0,1,25,0,3,9
100,1,26,112,0,5,8
100,2,113,212,1,4,0
100,3,213,319,0,3,9
100,4,320,412,1,4,1
100,5,413,554,1,2,11
100,6,555,846,1,4,1
100,7,847,1011,0,3,13
100,8,1012,1156,1,4,0
100,9,1157,1270,2,6,16
100,10,1271,1486,1,4,0
100,11,1487,1503,2,6,16
100,12,1504,1583,2,6,16
100,13,1584,1729,0,3,15
100,14,1730,1856,1,4,0
